,generated_subinv,pre,post,sampling_time,learning_time,verifying_time,total_time
BiasDir1_0_0,x + [x == y] *  (-0.500000*x + -0.500000*y + 0.100000*1),[x != y] * x,x,20.710111379623413,52.3581326007843,5.241501092910767,78.31013345718384
