,generated_subinv,pre,post,sampling_time,learning_time,verifying_time,total_time
BiasDir2_0_0,x + [x == y] *  (-0.500000*x + -0.500000*y + 0.100000*1),[x != y] * x,x,17.2493896484375,45.626551151275635,3.539581060409546,66.4159505367279
