,generated_subinv,pre,post,sampling_time,learning_time,verifying_time,total_time
Bin01_0_0,x + [n > 0] * 0,x,x,22.46843194961548,27.417865991592407,3.2997424602508545,53.18646478652954
