,generated_subinv,pre,post,sampling_time,learning_time,verifying_time,total_time
Bin03_0_0,x + [n > 0] * 0,x,x,22.593872785568237,27.21735429763794,3.3177998065948486,53.129706144332886
