,generated_subinv,pre,post,sampling_time,learning_time,verifying_time,total_time
Bin02_0_0,x + [n > 0] * 0,x,x,21.998329401016235,57.71814227104187,3.325989007949829,83.04317951202393
