,generated_subinv,pre,post,sampling_time,learning_time,verifying_time,total_time
Bin13_1_0,"x + [n < M] * We are not able to verify an (sub)invariant. 
 We have learned the         following candidates for (sub)invariant: 
 (-1.000000*n + 1.000000*M)
 (0.100000*x + -0.600000*n + 0.800000*M + 0.400000*1)
 (0.100000*x + -0.560000*n + 0.820000*M + 0.390000*1)
 (M^1.000000*1)
 (-1.100000*n + 1.100000*M + 0.300000*1)
 (-0.030000*x + -1.070000*n + 1.060000*M + 0.340000*1)
 (1)
 (-1.000000*n + 1.000000*M + -0.300000*1)
 (0.010000*x + -0.980000*n + 1.000000*M + -0.300000*1)",x + [n<M]*(-0.9*n + 0.9*M),x,21.259612798690796,387.5663537979126,5.154021978378296,414.01493525505066
