,generated_subinv,pre,post,sampling_time,learning_time,verifying_time,total_time
Bin11_0_0,x + [n < M] * 0,x,x,10.500094652175903,18.548638343811035,3.4741909503936768,32.52383232116699
