,generated_subinv,pre,post,sampling_time,learning_time,verifying_time,total_time
Bin21_0_0,x + [n > 0] * 0,x,x,22.738762617111206,26.386834383010864,4.997919797897339,54.123924016952515
