,generated_subinv,pre,post,sampling_time,learning_time,verifying_time,total_time
Geo01_0_0,z + [flip == 0] * 0,z,z,12.314987182617188,15.969970941543579,3.4244983196258545,31.710068702697754
