,generated_subinv,pre,post,sampling_time,learning_time,verifying_time,total_time
Geo21_0_0,z + [flip == 0] * 0,z,z,13.302931785583496,20.33797836303711,3.4563088417053223,37.097715616226196
