,generated_subinv,pre,post,sampling_time,learning_time,verifying_time,total_time
GeoAr01_1_0,x + [z != 0] * 0,x,x,11.745905637741089,18.77207112312317,3.2923195362091064,33.81073021888733
